"kode","diagnose","neg","det","ant","dis","psy"
"F21","Schizotyp lidelse",0.12047530092766,0.699397586368405,0.143354152923845,0.148602167309069,0.725933443331377
"F60.0","Paranoid personlighetsforstyrrelse",0.451826318638103,0.0408615185972548,0.869258840260966,0.177297965171201,0.0201425161244321
"F60.1","Schizoid personlighetsforstyrrelse",0.0707236747654828,0.781882631140742,0.191493998849947,0.255813438392538,0.0588889152138339
"F60.2","Dyssosial personlighetsforstyrrelse",0.298414156286102,0.0377045312942572,0.728339870129713,0.409995925158593,0.116362445983493
"F60.3","Emosjonelt ustabil personlighetsforstyrrelse (borderline-type)",0.576680858270593,0.140899655759412,0.246609802355255,0.515927943132678,0.286876243983277
"F60.4","Histrionisk personlighetsforstyrrelse",0.506294348051273,0.0638955242732053,0.710505160623616,0.35787346705932,0.253799324083062
"F60.5","Tvangspreget personlighetsforstyrrelse",0.61542683656105,0.467486892232143,0.206675178138322,0.238133369720989,0.195396426716263
"F60.6","Engstelig (unnvikende) personlighetsforstyrrelse",0.507176207394053,0.571282024027354,0.115015339548063,0.0324464615686827,0.208451575353894
"F60.7","Avhengig personlighetsforstyrrelse",0.649826346076366,0.435087280529662,0.10538110040794,0.155065784156218,0.332531925634824
